product_type1,product_type2,month_end,p,q,r,n_account,n_location,n_supply_point
HH Water Volume (Treated),20,2021-01-31,2.2435,1595465.11,3578294.51,66899,70093,70651
HH Water Volume (Treated),20,2021-02-28,2.2435,1350335.5,3028456.33,67013,70271,70830
HH Water Volume (Treated),20,2021-03-31,2.2435,1252208.24,2808478.85,67059,70389,70948
HH Water Volume (Treated),20,2021-04-30,2.2435,1070181.35,2400313.98,67088,70514,71067
HH Water Volume (Treated),20,2021-05-31,2.2435,952299.21,2135723.02,67332,70623,71177
HH Water Volume (Treated),20,2021-06-30,2.2435,802850.46,1800436.22,67188,70675,71228
HH Water Volume (Treated),20,2021-07-31,2.2178,808741.91,1792728.58,67388,70778,71331
HH Water Volume (Treated),20,2021-08-31,2.2178,824751.1,1828333.11,67514,70834,71387
HH Water Volume (Treated),20,2021-09-30,2.2178,859827.86,1906287.37,67367,70888,71438
HH Water Volume (Treated),20,2021-10-31,2.2178,993291.24,2202061.4,67667,70954,71504
HH Water Volume (Treated),20,2021-11-30,2.2178,1224480.21,2714309.84,67797,71036,71586
HH Water Volume (Treated),20,2021-12-31,2.2178,1584963.42,3513833.17,67653,71084,71633
HH Water Volume (Treated),20,2022-01-31,2.2178,1657539.13,3675079.61,67820,71142,71696
HH Water Volume (Treated),20,2022-02-28,2.2178,1401153.38,3106877.89,67906,71230,71778
HH Water Volume (Treated),20,2022-03-31,2.2178,1295825.52,2873307.38,67866,71322,71869
HH Water Volume (Treated),20,2022-04-30,2.2178,1074599.12,2382811.37,67983,71411,71958
HH Water Volume (Treated),20,2022-05-31,2.2178,922991.86,2046387.45,68125,71504,72059
HH Water Volume (Treated),20,2022-06-30,2.2178,778559.01,1725940.65,67958,71558,72113
HH Water Volume (Treated),20,2022-07-31,2.2875,777369.98,1777595.52,68102,71622,72173
HH Water Volume (Treated),20,2022-08-31,2.2875,769252.83,1759041.27,68149,71710,72259
HH Water Volume (Treated),20,2022-09-30,2.2875,752485.33,1720764.19,68025,71694,72162
HH Water Volume (Treated),20,2022-10-31,2.2875,837196.8,1914594.74,68162,71761,72227
HH Water Volume (Treated),20,2022-11-30,2.2875,1005900.86,2300486.78,68250,71850,72318
HH Water Volume (Treated),20,2022-12-31,2.2875,1346736.37,3080082.49,68073,71890,72350
HH Water Volume (Treated),20,2023-01-31,2.2875,1495088.51,3419576.35,68318,71956,72422
HH Water Volume (Treated),20,2023-02-28,2.2875,1345091.64,3076578.75,68399,72050,72508
HH Water Volume (Treated),20,2023-03-31,2.2875,1282957.27,2934281.97,68351,72114,72572
HH Water Volume (Treated),20,2023-04-30,2.2875,1048384.01,2397687.76,68369,72173,72631
HH Water Volume (Treated),20,2023-05-31,2.2875,907356.11,2074725.19,68561,72251,72756
HH Water Volume (Treated),20,2023-06-30,2.2875,818909.53,1779510.72,68416,72283,72745
HH Water Volume (Treated),20,2023-07-31,2.47,799291.05,1973643.83,68500,72324,72783
HH Water Volume (Treated),20,2023-08-31,2.47,854122.84,2109307.05,68636,72397,72857
HH Water Volume (Treated),20,2023-09-30,2.47,950222.52,2346725.63,68509,72445,72903
HH Water Volume (Treated),20,2023-10-31,2.47,1105892.67,2731303.84,68652,72509,72967
HH Water Volume (Treated),20,2023-11-30,2.47,1188961.13,2936390.2,68722,72563,73024
HH Water Volume (Treated),20,2023-12-31,2.47,1331965.75,3289612.94,68583,72617,73072
HH Water Volume (Treated),20,2024-01-31,2.47,1391994.67,3437889.81,68827,72639,73097
HH Water Volume (Treated),20,2024-02-29,2.47,1333201.23,3292696.46,68894,72695,73157
HH Water Volume (Treated),20,2024-03-31,2.47,1350943.24,3336511.05,68830,72794,73260
HH Water Volume (Treated),20,2024-04-30,2.47,1156105.84,2855347.5,68991,72854,73328
HH Water Volume (Treated),20,2024-05-31,2.47,991323.99,2448099.05,69159,72954,73421
HH Water Volume (Treated),20,2024-06-30,2.47,814956.61,2012418.31,69009,73044,73509
HH Water Volume (Treated),20,2024-07-31,2.622,815242.02,2137053.87,69210,73118,73585
HH Water Volume (Treated),20,2024-08-31,2.622,859881.68,2253770.9,69302,73170,73635
HH Water Volume (Treated),20,2024-09-30,2.622,948208.88,2485859.72,69236,73221,73680
HH Water Volume (Treated),20,2024-10-31,2.622,1140567.07,2990207.25,69466,73258,73716
HH Water Volume (Treated),20,2024-11-30,2.622,1338147.48,3508253.86,69469,73322,73784
HH Water Volume (Treated),20,2024-12-31,2.622,1668407.86,4374151.27,69306,73352,73811
HH Water Volume (Treated),20,2025-01-31,2.622,1802173.68,4724606.75,69720,73420,73878
HH Water Volume (Treated),20,2025-02-28,2.622,1611964.51,4225762.63,69770,73530,73988
HH Water Volume (Treated),20,2025-03-31,2.622,1597721.87,4188485.01,69683,73624,74082
HH Water Volume (Treated),20,2025-04-30,2.622,1314513.21,3445694.58,69836,73687,74147
HH Water Volume (Treated),20,2025-05-31,2.622,1110142.1,2908440.06,69962,73787,74247
HH Water Volume (Treated),20,2025-06-30,2.622,892723.2,2337307.62,69902,73852,74313
HH Water Volume (Treated),20,2025-07-31,2.7262,864244.33,2353327.6,70132,73943,74406
HH Water Volume (Treated),20,2025-08-31,2.7262,872418.35,2375282.88,70170,73982,74443
HH Water Volume (Treated),20,2025-09-30,2.7262,912032.11,2484281.41,70110,74081,74536
HH Water Volume (Treated),20,2025-10-31,2.7262,1075339.74,2929505.35,70335,74162,74616
HH Water Volume (Treated),20,2025-11-30,2.7262,1288447.93,3511850.05,70389,74333,74788
HH Water Volume (Treated),20,2025-12-31,2.7262,1638546.46,4466551,70280,74415,74871
HH Water Volume (Treated),20,2026-01-31,2.7262,1734043.34,4727104.83,70596,74475,74931
HH Water Volume (Treated),20,2026-02-28,2.7262,1200916.35,3273849.14,65771,69715,70161
HH Water Volume (Treated),20,2026-03-31,2.7262,673155.67,1835102.44,39534,41452,41558
HH Water Volume (Treated),20,2026-04-30,2.7262,172488.35,470222.65,20068,21159,21244
HH Water Volume (Treated),25,2021-01-31,2.2435,58437.75,131103.06,1248,1314,1317
HH Water Volume (Treated),25,2021-02-28,2.2435,49634.7,111353.6,1238,1313,1316
HH Water Volume (Treated),25,2021-03-31,2.2435,43692.29,98021.6,1248,1314,1317
HH Water Volume (Treated),25,2021-04-30,2.2435,33656.52,75506.37,1242,1314,1317
HH Water Volume (Treated),25,2021-05-31,2.2435,28981.53,65017.48,1241,1314,1317
HH Water Volume (Treated),25,2021-06-30,2.2435,22750.78,51036.44,1242,1313,1316
HH Water Volume (Treated),25,2021-07-31,2.2178,21853.97,48454.34,1241,1311,1314
HH Water Volume (Treated),25,2021-08-31,2.2178,22152.89,49128.13,1243,1314,1317
HH Water Volume (Treated),25,2021-09-30,2.2178,24184.23,53633.69,1245,1314,1317
HH Water Volume (Treated),25,2021-10-31,2.2178,29687.79,65839.46,1243,1313,1316
HH Water Volume (Treated),25,2021-11-30,2.2178,38897.16,86264.08,1244,1314,1317
HH Water Volume (Treated),25,2021-12-31,2.2178,54591.42,121070.78,1245,1315,1318
HH Water Volume (Treated),25,2022-01-31,2.2178,60627.89,134458.48,1243,1313,1316
HH Water Volume (Treated),25,2022-02-28,2.2178,51181.16,113507.71,1242,1314,1317
HH Water Volume (Treated),25,2022-03-31,2.2178,44973.36,99739.81,1246,1317,1320
HH Water Volume (Treated),25,2022-04-30,2.2178,33099.6,73406.22,1241,1314,1317
HH Water Volume (Treated),25,2022-05-31,2.2178,27338.65,60624.63,1242,1315,1318
HH Water Volume (Treated),25,2022-06-30,2.2178,20628.7,45745.63,1241,1316,1319
HH Water Volume (Treated),25,2022-07-31,2.2875,18984.79,43423.32,1239,1317,1320
HH Water Volume (Treated),25,2022-08-31,2.2875,18690.01,42751.11,1243,1313,1316
HH Water Volume (Treated),25,2022-09-30,2.2875,18994.39,43447.95,1241,1314,1317
HH Water Volume (Treated),25,2022-10-31,2.2875,22143.86,50652.44,1238,1314,1317
HH Water Volume (Treated),25,2022-11-30,2.2875,29023.38,66389.46,1240,1314,1317
HH Water Volume (Treated),25,2022-12-31,2.2875,46369.82,106069.39,1238,1313,1316
HH Water Volume (Treated),25,2023-01-31,2.2875,55470.15,126886.37,1242,1314,1317
HH Water Volume (Treated),25,2023-02-28,2.2875,49664.62,113606.29,1242,1317,1320
HH Water Volume (Treated),25,2023-03-31,2.2875,44631.27,102092.34,1242,1318,1321
HH Water Volume (Treated),25,2023-04-30,2.2875,31817.2,72780.17,1241,1317,1320
HH Water Volume (Treated),25,2023-05-31,2.2875,26291.26,60139.05,1244,1318,1321
HH Water Volume (Treated),25,2023-06-30,2.2875,19799.86,45287.44,1250,1316,1319
HH Water Volume (Treated),25,2023-07-31,2.47,19673.97,48590.64,1237,1312,1315
HH Water Volume (Treated),25,2023-08-31,2.47,22050.26,54462.57,1243,1315,1318
HH Water Volume (Treated),25,2023-09-30,2.47,28841.91,71239.07,1246,1317,1320
HH Water Volume (Treated),25,2023-10-31,2.47,36520.32,90205.12,1240,1317,1320
HH Water Volume (Treated),25,2023-11-30,2.47,39170.44,96750.93,1243,1318,1321
HH Water Volume (Treated),25,2023-12-31,2.47,44290.84,109398.3,1244,1318,1321
HH Water Volume (Treated),25,2024-01-31,2.47,46652.1,115225.67,1247,1318,1321
HH Water Volume (Treated),25,2024-02-29,2.47,45371.83,112068.37,1246,1320,1323
HH Water Volume (Treated),25,2024-03-31,2.47,45139.22,111488.86,1246,1321,1324
HH Water Volume (Treated),25,2024-04-30,2.47,37621.23,92924.06,1243,1321,1324
HH Water Volume (Treated),25,2024-05-31,2.47,31430.78,77632.68,1244,1322,1326
HH Water Volume (Treated),25,2024-06-30,2.47,22910.7,56585.23,1242,1318,1322
HH Water Volume (Treated),25,2024-07-31,2.622,22058.06,57831.65,1246,1319,1323
HH Water Volume (Treated),25,2024-08-31,2.622,23622.63,61936.12,1249,1321,1324
HH Water Volume (Treated),25,2024-09-30,2.622,28572.68,74910.49,1245,1318,1321
HH Water Volume (Treated),25,2024-10-31,2.622,35441.28,92925.24,1246,1319,1322
HH Water Volume (Treated),25,2024-11-30,2.622,42499.82,111432.83,1246,1320,1323
HH Water Volume (Treated),25,2024-12-31,2.622,59496.06,155996.96,1244,1321,1324
HH Water Volume (Treated),25,2025-01-31,2.622,66059.17,173205.44,1252,1321,1324
HH Water Volume (Treated),25,2025-02-28,2.622,59383.18,155701.16,1233,1304,1307
HH Water Volume (Treated),25,2025-03-31,2.622,56050.94,146963.89,1211,1257,1260
HH Water Volume (Treated),25,2025-04-30,2.622,43949.7,115234.39,1212,1255,1258
HH Water Volume (Treated),25,2025-05-31,2.622,36368.28,95176.23,1216,1258,1261
HH Water Volume (Treated),25,2025-06-30,2.622,24718.42,64135.6,1221,1259,1262
HH Water Volume (Treated),25,2025-07-31,2.7262,21533.23,58072.25,1218,1259,1262
HH Water Volume (Treated),25,2025-08-31,2.7262,21322.49,57621.25,1221,1258,1261
HH Water Volume (Treated),25,2025-09-30,2.7262,24554.09,66937.41,1215,1257,1260
HH Water Volume (Treated),25,2025-10-31,2.7262,31374.37,85530.83,1218,1258,1261
HH Water Volume (Treated),25,2025-11-30,2.7262,39595.77,107944.08,1218,1260,1263
HH Water Volume (Treated),25,2025-12-31,2.7262,55648.36,151706.57,1216,1260,1263
HH Water Volume (Treated),25,2026-01-31,2.7262,60867.69,165935.49,1214,1259,1262
HH Water Volume (Treated),25,2026-02-28,2.7262,45390.71,123742.66,1193,1207,1210
HH Water Volume (Treated),25,2026-03-31,2.7262,24246.49,66099.83,812,817,818
HH Water Volume (Treated),25,2026-04-30,2.7262,5834.35,15905.33,358,359,360
HH Water Volume (Treated),32,2021-01-31,2.2435,2146.79,4816.27,39,39,39
HH Water Volume (Treated),32,2021-02-28,2.2435,1753.71,3934.39,38,39,39
HH Water Volume (Treated),32,2021-03-31,2.2435,1407.91,3158.6,38,39,39
HH Water Volume (Treated),32,2021-04-30,2.2435,1256.99,2820.01,38,39,39
HH Water Volume (Treated),32,2021-05-31,2.2435,1112.03,2494.78,39,39,39
HH Water Volume (Treated),32,2021-06-30,2.2435,624.69,1401.36,38,39,39
HH Water Volume (Treated),32,2021-07-31,2.2178,573.27,1271.27,38,38,38
HH Water Volume (Treated),32,2021-08-31,2.2178,676.94,1501.25,38,39,39
HH Water Volume (Treated),32,2021-09-30,2.2178,907,2011.47,38,39,39
HH Water Volume (Treated),32,2021-10-31,2.2178,1117.09,2477.42,38,39,39
HH Water Volume (Treated),32,2021-11-30,2.2178,1424.23,3158.6,39,39,39
HH Water Volume (Treated),32,2021-12-31,2.2178,1952.33,4329.82,38,39,39
HH Water Volume (Treated),32,2022-01-31,2.2178,2011.57,4461.21,38,39,39
HH Water Volume (Treated),32,2022-02-28,2.2178,1618.15,3588.68,38,39,39
HH Water Volume (Treated),32,2022-03-31,2.2178,1349.56,2993,39,39,39
HH Water Volume (Treated),32,2022-04-30,2.2178,1092.58,2423.08,38,39,39
HH Water Volume (Treated),32,2022-05-31,2.2178,927.72,2057.43,37,38,38
HH Water Volume (Treated),32,2022-06-30,2.2178,731.68,1622.56,38,38,38
HH Water Volume (Treated),32,2022-07-31,2.2875,702.01,1605.71,36,37,37
HH Water Volume (Treated),32,2022-08-31,2.2875,695.2,1585.62,38,38,38
HH Water Volume (Treated),32,2022-09-30,2.2875,664.53,1520.06,37,38,38
HH Water Volume (Treated),32,2022-10-31,2.2875,762,1743.02,38,39,39
HH Water Volume (Treated),32,2022-11-30,2.2875,1136.03,2598.63,38,39,39
HH Water Volume (Treated),32,2022-12-31,2.2875,1782.34,4077.05,39,39,39
HH Water Volume (Treated),32,2023-01-31,2.2875,2113.39,4834.34,38,39,39
HH Water Volume (Treated),32,2023-02-28,2.2875,1816.18,4154.46,38,39,39
HH Water Volume (Treated),32,2023-03-31,2.2875,1724.31,3944.31,39,39,39
HH Water Volume (Treated),32,2023-04-30,2.2875,1312.01,3001.18,38,39,39
HH Water Volume (Treated),32,2023-05-31,2.2875,1072.75,2453.84,38,39,39
HH Water Volume (Treated),32,2023-06-30,2.2875,651.3,1489.73,37,37,37
HH Water Volume (Treated),32,2023-07-31,2.47,599.91,1481.65,37,37,37
HH Water Volume (Treated),32,2023-08-31,2.47,741.16,1830.63,36,37,37
HH Water Volume (Treated),32,2023-09-30,2.47,1151.88,2845.14,36,37,37
HH Water Volume (Treated),32,2023-10-31,2.47,1429.07,3529.8,36,37,37
HH Water Volume (Treated),32,2023-11-30,2.47,1513.46,3738.25,34,35,35
HH Water Volume (Treated),32,2023-12-31,2.47,1622.97,4008.75,34,34,34
HH Water Volume (Treated),32,2024-01-31,2.47,1712.6,4230.12,33,34,34
HH Water Volume (Treated),32,2024-02-29,2.47,1634.83,4038.04,33,34,34
HH Water Volume (Treated),32,2024-03-31,2.47,1693.68,4183.39,32,33,33
HH Water Volume (Treated),32,2024-04-30,2.47,1395.86,3447.75,32,33,33
HH Water Volume (Treated),32,2024-05-31,2.47,1111.81,2746.11,32,33,33
HH Water Volume (Treated),32,2024-06-30,2.47,769.69,1901.04,32,33,33
HH Water Volume (Treated),32,2024-07-31,2.622,839.16,2200.18,32,33,33
HH Water Volume (Treated),32,2024-08-31,2.622,931.06,2441.21,32,33,33
HH Water Volume (Treated),32,2024-09-30,2.622,1047,2745.21,33,33,33
HH Water Volume (Treated),32,2024-10-31,2.622,1277.46,3349.47,32,33,33
HH Water Volume (Treated),32,2024-11-30,2.622,1493.04,3914.69,32,33,33
HH Water Volume (Treated),32,2024-12-31,2.622,1865.35,4890.91,32,33,33
HH Water Volume (Treated),32,2025-01-31,2.622,1961.92,5144.11,32,33,33
HH Water Volume (Treated),32,2025-02-28,2.622,1788.14,4688.47,32,33,33
HH Water Volume (Treated),32,2025-03-31,2.622,1788.09,4688.33,32,33,33
HH Water Volume (Treated),32,2025-04-30,2.622,1467.61,3848.04,32,33,33
HH Water Volume (Treated),32,2025-05-31,2.622,1216.1,3188.55,32,33,33
HH Water Volume (Treated),32,2025-06-30,2.622,742.53,1946.85,32,33,33
HH Water Volume (Treated),32,2025-07-31,2.7262,657.3,1791.77,32,32,32
HH Water Volume (Treated),32,2025-08-31,2.7262,686.28,1870.87,31,32,32
HH Water Volume (Treated),32,2025-09-30,2.7262,757.85,2066.01,31,32,32
HH Water Volume (Treated),32,2025-10-31,2.7262,984.2,2683.07,30,31,31
HH Water Volume (Treated),32,2025-11-30,2.7262,1434.62,3911.01,30,31,31
HH Water Volume (Treated),32,2025-12-31,2.7262,2070.63,5644.89,30,31,31
HH Water Volume (Treated),32,2026-01-31,2.7262,2160.53,5889.99,30,31,31
HH Water Volume (Treated),32,2026-02-28,2.7262,1475.12,4021.42,28,29,29
HH Water Volume (Treated),32,2026-03-31,2.7262,680.99,1856.48,20,21,21
HH Water Volume (Treated),32,2026-04-30,2.7262,260.59,710.43,12,12,12
HH Water Volume (Treated),40,2021-01-31,2.2435,3440.05,7717.7,28,30,30
HH Water Volume (Treated),40,2021-02-28,2.2435,2902.46,6511.63,28,30,30
HH Water Volume (Treated),40,2021-03-31,2.2435,2241.48,5028.71,28,30,30
HH Water Volume (Treated),40,2021-04-30,2.2435,1839.37,4126.58,28,30,30
HH Water Volume (Treated),40,2021-05-31,2.2435,1622.17,3639.27,29,30,30
HH Water Volume (Treated),40,2021-06-30,2.2435,927.04,2079.7,28,30,30
HH Water Volume (Treated),40,2021-07-31,2.2178,932.02,2066.93,28,30,30
HH Water Volume (Treated),40,2021-08-31,2.2178,947.11,2100.45,28,30,30
HH Water Volume (Treated),40,2021-09-30,2.2178,1637.59,3631.81,27,29,29
HH Water Volume (Treated),40,2021-10-31,2.2178,1835.83,4071.46,26,28,28
HH Water Volume (Treated),40,2021-11-30,2.2178,2244.44,4977.67,26,28,28
HH Water Volume (Treated),40,2021-12-31,2.2178,2436.85,5404.4,26,28,28
HH Water Volume (Treated),40,2022-01-31,2.2178,2517.17,5582.53,26,28,28
HH Water Volume (Treated),40,2022-02-28,2.2178,2215.12,4912.67,26,28,28
HH Water Volume (Treated),40,2022-03-31,2.2178,1897.08,4207.31,27,28,28
HH Water Volume (Treated),40,2022-04-30,2.2178,1604.35,3558.09,27,29,29
HH Water Volume (Treated),40,2022-05-31,2.2178,1199.07,2659.23,28,29,29
HH Water Volume (Treated),40,2022-06-30,2.2178,735.79,1631.77,27,29,29
HH Water Volume (Treated),40,2022-07-31,2.2875,732.83,1676.24,27,29,29
HH Water Volume (Treated),40,2022-08-31,2.2875,653.8,1495.53,27,29,29
HH Water Volume (Treated),40,2022-09-30,2.2875,610.54,1396.57,27,29,29
HH Water Volume (Treated),40,2022-10-31,2.2875,615.75,1408.48,28,29,29
HH Water Volume (Treated),40,2022-11-30,2.2875,965.39,2208.31,27,29,29
HH Water Volume (Treated),40,2022-12-31,2.2875,1614.3,3692.68,27,29,29
HH Water Volume (Treated),40,2023-01-31,2.2875,1766.81,4041.55,27,29,29
HH Water Volume (Treated),40,2023-02-28,2.2875,1718.22,3930.41,27,29,29
HH Water Volume (Treated),40,2023-03-31,2.2875,1567.74,3586.17,27,29,29
HH Water Volume (Treated),40,2023-04-30,2.2875,1411.74,3229.31,27,29,29
HH Water Volume (Treated),40,2023-05-31,2.2875,1118.08,2557.56,27,29,29
HH Water Volume (Treated),40,2023-06-30,2.2875,761.84,1742.64,27,29,29
HH Water Volume (Treated),40,2023-07-31,2.47,689.76,1703.6,28,29,29
HH Water Volume (Treated),40,2023-08-31,2.47,662.78,1637.04,27,29,29
HH Water Volume (Treated),40,2023-09-30,2.47,969.83,2395.48,27,29,29
HH Water Volume (Treated),40,2023-10-31,2.47,1163.02,2872.65,27,29,29
HH Water Volume (Treated),40,2023-11-30,2.47,2620.93,6473.69,27,29,29
HH Water Volume (Treated),40,2023-12-31,2.47,3174.24,7840.36,27,29,29
HH Water Volume (Treated),40,2024-01-31,2.47,3214.32,7939.37,27,29,29
HH Water Volume (Treated),40,2024-02-29,2.47,1989.56,4914.2,27,29,29
HH Water Volume (Treated),40,2024-03-31,2.47,2030.5,5015.33,27,29,29
HH Water Volume (Treated),40,2024-04-30,2.47,1811.63,4474.71,27,29,29
HH Water Volume (Treated),40,2024-05-31,2.47,1229.25,3036.2,27,29,29
HH Water Volume (Treated),40,2024-06-30,2.47,628.58,1552.52,27,29,29
HH Water Volume (Treated),40,2024-07-31,2.622,624.25,1636.69,27,29,29
HH Water Volume (Treated),40,2024-08-31,2.622,743.17,1948.54,27,29,29
HH Water Volume (Treated),40,2024-09-30,2.622,914.97,2399.03,27,29,29
HH Water Volume (Treated),40,2024-10-31,2.622,1074.61,2817.58,27,29,29
HH Water Volume (Treated),40,2024-11-30,2.622,1557.33,4083.28,27,29,29
HH Water Volume (Treated),40,2024-12-31,2.622,2238.89,5870.34,27,29,29
HH Water Volume (Treated),40,2025-01-31,2.622,2533.72,6643.38,27,29,29
HH Water Volume (Treated),40,2025-02-28,2.622,2232.08,5852.48,27,29,29
HH Water Volume (Treated),40,2025-03-31,2.622,2214.51,5806.41,27,29,29
HH Water Volume (Treated),40,2025-04-30,2.622,1737.53,4555.77,27,29,29
HH Water Volume (Treated),40,2025-05-31,2.622,1427.88,3743.85,27,29,29
HH Water Volume (Treated),40,2025-06-30,2.622,1055.09,2766.38,27,29,29
HH Water Volume (Treated),40,2025-07-31,2.7262,1014.79,2766.47,27,29,29
HH Water Volume (Treated),40,2025-08-31,2.7262,924.22,2519.57,27,29,29
HH Water Volume (Treated),40,2025-09-30,2.7262,890.4,2427.38,27,29,29
HH Water Volume (Treated),40,2025-10-31,2.7262,1078.29,2939.6,26,28,28
HH Water Volume (Treated),40,2025-11-30,2.7262,1864.64,5083.35,26,28,28
HH Water Volume (Treated),40,2025-12-31,2.7262,2526.23,6886.96,26,28,28
HH Water Volume (Treated),40,2026-01-31,2.7262,2541.85,6929.54,26,28,28
HH Water Volume (Treated),40,2026-02-28,2.7262,1198.22,3266.57,23,25,25
HH Water Volume (Treated),40,2026-03-31,2.7262,278.74,759.9,10,11,11
HH Water Volume (Treated),40,2026-04-30,2.7262,45.06,122.84,6,7,7
HH Water Volume (Treated),50,2021-01-31,2.2435,94.7,212.46,7,7,7
HH Water Volume (Treated),50,2021-02-28,2.2435,113.66,254.99,7,7,7
HH Water Volume (Treated),50,2021-03-31,2.2435,323.71,726.25,7,7,7
HH Water Volume (Treated),50,2021-04-30,2.2435,315.13,706.99,7,7,7
HH Water Volume (Treated),50,2021-05-31,2.2435,307.71,690.33,7,7,7
HH Water Volume (Treated),50,2021-06-30,2.2435,224.44,503.52,7,7,7
HH Water Volume (Treated),50,2021-07-31,2.2178,230.82,511.9,7,7,7
HH Water Volume (Treated),50,2021-08-31,2.2178,181.86,403.33,7,7,7
HH Water Volume (Treated),50,2021-09-30,2.2178,40.66,90.16,7,7,7
HH Water Volume (Treated),50,2021-10-31,2.2178,45.57,101.05,7,7,7
HH Water Volume (Treated),50,2021-11-30,2.2178,156.97,348.12,7,7,7
HH Water Volume (Treated),50,2021-12-31,2.2178,401.52,890.49,7,7,7
HH Water Volume (Treated),50,2022-01-31,2.2178,516.55,1145.61,7,7,7
HH Water Volume (Treated),50,2022-02-28,2.2178,413.61,917.3,7,7,7
HH Water Volume (Treated),50,2022-03-31,2.2178,277.51,615.45,7,7,7
HH Water Volume (Treated),50,2022-04-30,2.2178,194.76,431.93,7,7,7
HH Water Volume (Treated),50,2022-05-31,2.2178,226.18,501.61,7,7,7
HH Water Volume (Treated),50,2022-06-30,2.2178,324.4,719.44,7,7,7
HH Water Volume (Treated),50,2022-07-31,2.2875,307.78,704.03,7,7,7
HH Water Volume (Treated),50,2022-08-31,2.2875,227.75,520.96,7,7,7
HH Water Volume (Treated),50,2022-09-30,2.2875,57.03,130.46,7,7,7
HH Water Volume (Treated),50,2022-10-31,2.2875,73.67,168.53,7,7,7
HH Water Volume (Treated),50,2022-11-30,2.2875,109.66,250.85,7,7,7
HH Water Volume (Treated),50,2022-12-31,2.2875,187.29,428.43,7,7,7
HH Water Volume (Treated),50,2023-01-31,2.2875,207.33,474.26,7,7,7
HH Water Volume (Treated),50,2023-02-28,2.2875,187.39,428.66,7,7,7
HH Water Volume (Treated),50,2023-03-31,2.2875,212.84,486.87,7,7,7
HH Water Volume (Treated),50,2023-04-30,2.2875,170.73,390.54,7,7,7
HH Water Volume (Treated),50,2023-05-31,2.2875,194.47,444.85,7,7,7
HH Water Volume (Treated),50,2023-06-30,2.2875,250.63,573.31,7,7,7
HH Water Volume (Treated),50,2023-07-31,2.47,251.68,621.64,7,7,7
HH Water Volume (Treated),50,2023-08-31,2.47,228.3,563.9,7,7,7
HH Water Volume (Treated),50,2023-09-30,2.47,148.11,365.83,7,7,7
HH Water Volume (Treated),50,2023-10-31,2.47,156.53,386.62,7,7,7
HH Water Volume (Treated),50,2023-11-30,2.47,151.47,374.12,7,7,7
HH Water Volume (Treated),50,2023-12-31,2.47,165.28,408.24,7,7,7
HH Water Volume (Treated),50,2024-01-31,2.47,151.43,374.04,7,7,7
HH Water Volume (Treated),50,2024-02-29,2.47,135.07,333.63,7,7,7
HH Water Volume (Treated),50,2024-03-31,2.47,135.24,334.05,7,7,7
HH Water Volume (Treated),50,2024-04-30,2.47,130.88,323.27,7,7,7
HH Water Volume (Treated),50,2024-05-31,2.47,164.41,406.08,7,7,7
HH Water Volume (Treated),50,2024-06-30,2.47,222.83,550.37,7,7,7
HH Water Volume (Treated),50,2024-07-31,2.622,229.78,602.46,7,7,7
HH Water Volume (Treated),50,2024-08-31,2.622,171.51,449.69,7,7,7
HH Water Volume (Treated),50,2024-09-30,2.622,51.73,135.63,7,7,7
HH Water Volume (Treated),50,2024-10-31,2.622,53.66,140.69,7,7,7
HH Water Volume (Treated),50,2024-11-30,2.622,139.76,366.44,7,7,7
HH Water Volume (Treated),50,2024-12-31,2.622,299.77,786,7,7,7
HH Water Volume (Treated),50,2025-01-31,2.622,299.58,785.48,7,7,7
HH Water Volume (Treated),50,2025-02-28,2.622,237.97,623.96,7,7,7
HH Water Volume (Treated),50,2025-03-31,2.622,206.17,540.58,7,7,7
HH Water Volume (Treated),50,2025-04-30,2.622,199.87,524.06,7,7,7
HH Water Volume (Treated),50,2025-05-31,2.622,394.46,1034.27,7,7,7
HH Water Volume (Treated),50,2025-06-30,2.622,715.5,1876.01,7,7,7
HH Water Volume (Treated),50,2025-07-31,2.7262,739.24,2015.3,7,7,7
HH Water Volume (Treated),50,2025-08-31,2.7262,469.04,1278.69,7,7,7
HH Water Volume (Treated),50,2025-09-30,2.7262,40.4,110.13,7,7,7
HH Water Volume (Treated),50,2025-10-31,2.7262,41.56,113.3,7,7,7
HH Water Volume (Treated),50,2025-11-30,2.7262,62.44,170.22,7,7,7
HH Water Volume (Treated),50,2025-12-31,2.7262,97.09,264.68,7,7,7
HH Water Volume (Treated),50,2026-01-31,2.7262,97.09,264.68,7,7,7
HH Water Volume (Treated),50,2026-02-28,2.7262,51.4,140.11,7,7,7
HH Water Volume (Treated),50,2026-03-31,2.7262,0,0,4,4,4
HH Water Volume (Treated),50,2026-04-30,2.7262,0,0,3,3,3
HH Water Volume (Treated),80,2021-01-31,2.2435,67.65,151.76,1,1,1
HH Water Volume (Treated),80,2021-02-28,2.2435,0,0,1,1,1
HH Water Volume (Treated),80,2021-03-31,2.2435,0,0,1,1,1
HH Water Volume (Treated),100,2021-01-31,2.2435,56.1,125.85,1,2,2
HH Water Volume (Treated),100,2021-02-28,2.2435,50.67,113.67,1,2,2
HH Water Volume (Treated),100,2021-03-31,2.2435,45.7,102.51,1,2,2
HH Water Volume (Treated),100,2021-04-30,2.2435,33.48,75.11,1,2,2
HH Water Volume (Treated),100,2021-05-31,2.2435,34.6,77.62,1,2,2
HH Water Volume (Treated),100,2021-06-30,2.2435,31.8,71.34,1,2,2
HH Water Volume (Treated),100,2021-07-31,2.2178,31.12,69.02,1,2,2
HH Water Volume (Treated),100,2021-08-31,2.2178,31.12,69.02,1,2,2
HH Water Volume (Treated),100,2021-09-30,2.2178,35.29,78.25,1,2,2
HH Water Volume (Treated),100,2021-10-31,2.2178,38.75,85.94,1,2,2
HH Water Volume (Treated),100,2021-11-30,2.2178,37.5,83.17,1,2,2
HH Water Volume (Treated),100,2021-12-31,2.2178,64.88,143.88,1,2,2
HH Water Volume (Treated),100,2022-01-31,2.2178,77.32,171.48,1,2,2
HH Water Volume (Treated),100,2022-02-28,2.2178,69.84,154.88,1,2,2
HH Water Volume (Treated),100,2022-03-31,2.2178,56.41,125.11,1,2,2
HH Water Volume (Treated),100,2022-04-30,2.2178,33.01,73.21,1,2,2
HH Water Volume (Treated),100,2022-05-31,2.2178,34.11,75.65,1,2,2
HH Water Volume (Treated),100,2022-06-30,2.2178,30.05,66.63,1,2,2
HH Water Volume (Treated),100,2022-07-31,2.2875,27.56,63.05,1,2,2
HH Water Volume (Treated),100,2022-08-31,2.2875,27.56,63.05,1,2,2
HH Water Volume (Treated),100,2022-09-30,2.2875,28.8,65.89,1,2,2
HH Water Volume (Treated),100,2022-10-31,2.2875,31.97,73.13,1,2,2
HH Water Volume (Treated),100,2022-11-30,2.2875,30.94,70.77,1,2,2
HH Water Volume (Treated),100,2022-12-31,2.2875,52.74,120.65,1,2,2
HH Water Volume (Treated),100,2023-01-31,2.2875,67.75,154.97,1,2,2
HH Water Volume (Treated),100,2023-02-28,2.2875,61.19,139.98,1,2,2
HH Water Volume (Treated),100,2023-03-31,2.2875,52.23,119.47,1,2,2
HH Water Volume (Treated),100,2023-04-30,2.2875,36.46,83.41,1,2,2
HH Water Volume (Treated),100,2023-05-31,2.2875,37.68,86.19,1,2,2
HH Water Volume (Treated),100,2023-06-30,2.2875,31.85,72.84,1,2,2
HH Water Volume (Treated),100,2023-07-31,2.47,24.68,60.95,1,2,2
HH Water Volume (Treated),100,2023-08-31,2.47,24.68,60.95,1,2,2
HH Water Volume (Treated),100,2023-09-30,2.47,30.58,75.54,1,2,2
HH Water Volume (Treated),100,2023-10-31,2.47,43.57,107.61,1,2,2
HH Water Volume (Treated),100,2023-11-30,2.47,42.16,104.13,1,2,2
HH Water Volume (Treated),100,2023-12-31,2.47,53.56,132.29,1,2,2
HH Water Volume (Treated),100,2024-01-31,2.47,61.79,152.62,1,2,2
HH Water Volume (Treated),100,2024-02-29,2.47,57.8,142.77,1,2,2
HH Water Volume (Treated),100,2024-03-31,2.47,41.29,101.98,1,2,2
HH Water Volume (Treated),100,2024-04-30,2.47,21.35,52.74,1,2,2
HH Water Volume (Treated),100,2024-05-31,2.47,22.07,54.5,1,2,2
HH Water Volume (Treated),100,2024-06-30,2.47,14.63,36.13,1,2,2
HH Water Volume (Treated),100,2024-07-31,2.622,9.79,25.67,1,2,2
HH Water Volume (Treated),100,2024-08-31,2.622,9.79,25.67,1,2,2
HH Water Volume (Treated),100,2024-09-30,2.622,27.93,73.24,1,2,2
HH Water Volume (Treated),100,2024-10-31,2.622,39.91,104.64,1,2,2
HH Water Volume (Treated),100,2024-11-30,2.622,38.62,101.26,1,2,2
HH Water Volume (Treated),100,2024-12-31,2.622,86.47,226.72,1,2,2
HH Water Volume (Treated),100,2025-01-31,2.622,108.64,284.85,1,2,2
HH Water Volume (Treated),100,2025-02-28,2.622,98.13,257.29,1,2,2
HH Water Volume (Treated),100,2025-03-31,2.622,69.27,181.62,1,2,2
HH Water Volume (Treated),100,2025-04-30,2.622,39.51,103.6,1,2,2
HH Water Volume (Treated),100,2025-05-31,2.622,40.83,107.06,1,2,2
HH Water Volume (Treated),100,2025-06-30,2.622,32.39,84.9,1,2,2
HH Water Volume (Treated),100,2025-07-31,2.7262,28.57,77.88,1,2,2
HH Water Volume (Treated),100,2025-08-31,2.7262,28.57,77.88,1,2,2
HH Water Volume (Treated),100,2025-09-30,2.7262,27.79,75.75,1,2,2
HH Water Volume (Treated),100,2025-10-31,2.7262,28.8,78.5,1,2,2
HH Water Volume (Treated),100,2025-11-30,2.7262,27.87,75.97,1,2,2
HH Water Volume (Treated),100,2025-12-31,2.7262,59.16,161.27,1,2,2
HH Water Volume (Treated),100,2026-01-31,2.7262,73.62,200.69,1,2,2
HH Water Volume (Treated),100,2026-02-28,2.7262,66.49,181.27,1,2,2
HH Water Volume (Treated),100,2026-03-31,2.7262,26.12,71.21,1,2,2
NHH Sewer Volume,20,2021-01-31,0.9735,33803.26,32905.95,3180,4726,4909
NHH Sewer Volume,20,2021-02-28,0.9735,29616.18,28829.95,3198,4734,4909
NHH Sewer Volume,20,2021-03-31,0.9735,29106.02,28333.32,3184,4747,4921
NHH Sewer Volume,20,2021-04-30,0.9735,26751.01,26040.79,3184,4745,4919
NHH Sewer Volume,20,2021-05-31,0.9735,25006.56,24342.42,3215,4747,4922
NHH Sewer Volume,20,2021-06-30,0.9735,20018.65,19486.11,3179,4740,4913
NHH Sewer Volume,20,2021-07-31,0.9623,20160.52,19398.22,3191,4744,4916
NHH Sewer Volume,20,2021-08-31,0.9623,20100.1,19341.03,3199,4748,4921
NHH Sewer Volume,20,2021-09-30,0.9623,20565.5,19789.12,3179,4750,4922
NHH Sewer Volume,20,2021-10-31,0.9623,23265.5,22387.25,3191,4756,4928
NHH Sewer Volume,20,2021-11-30,0.9623,27338.33,26306.43,3207,4743,4915
NHH Sewer Volume,20,2021-12-31,0.9623,32539.17,31311.06,3187,4744,4915
NHH Sewer Volume,20,2022-01-31,0.9623,33610.11,32341.57,3199,4745,4916
NHH Sewer Volume,20,2022-02-28,0.9623,30068.27,28933.38,3218,4744,4916
NHH Sewer Volume,20,2022-03-31,0.9623,31153.31,29977.39,3189,4738,4909
NHH Sewer Volume,20,2022-04-30,0.9623,27428.98,26393.57,3190,4739,4914
NHH Sewer Volume,20,2022-05-31,0.9623,23951.75,23047.27,3226,4743,4916
NHH Sewer Volume,20,2022-06-30,0.9623,20135.5,19374.4,3191,4714,4885
NHH Sewer Volume,20,2022-07-31,0.9926,20864.5,20707.54,3205,4720,4891
NHH Sewer Volume,20,2022-08-31,0.9926,20396.84,20244.49,3219,4729,4899
NHH Sewer Volume,20,2022-09-30,0.9926,19587.33,19441.41,3190,4720,4883
NHH Sewer Volume,20,2022-10-31,0.9926,21395.29,21235.9,3200,4722,4897
NHH Sewer Volume,20,2022-10-31,0.9926,23.51,23.33,1,1,1
NHH Sewer Volume,20,2022-11-30,0.9926,23183.24,23010.57,3219,4730,4897
NHH Sewer Volume,20,2022-11-30,0.9926,35.26,35,1,1,1
NHH Sewer Volume,20,2022-12-31,0.9926,28353.2,28142.14,3196,4728,4893
NHH Sewer Volume,20,2022-12-31,0.9926,36.44,36.16,1,1,1
NHH Sewer Volume,20,2023-01-31,0.9926,29178.26,28961,3207,4733,4899
NHH Sewer Volume,20,2023-01-31,0.9926,35.52,35.26,1,1,1
NHH Sewer Volume,20,2023-02-28,0.9926,26267.98,26072.36,3217,4734,4898
NHH Sewer Volume,20,2023-02-28,0.9926,31.63,31.4,1,1,1
NHH Sewer Volume,20,2023-03-31,0.9926,26391.82,26195.19,3189,4737,4899
NHH Sewer Volume,20,2023-03-31,0.9926,35.02,34.76,1,1,1
NHH Sewer Volume,20,2023-04-30,0.9926,24227.34,24046.81,3197,4738,4900
NHH Sewer Volume,20,2023-04-30,0.9926,36.85,36.58,1,1,1
NHH Sewer Volume,20,2023-05-31,0.9926,22998.04,22826.42,3220,4747,4909
NHH Sewer Volume,20,2023-05-31,0.9926,42.09,41.77,1,1,1
NHH Sewer Volume,20,2023-06-30,0.9926,20941.67,20784.58,3194,4748,4910
NHH Sewer Volume,20,2023-06-30,0.9926,40.73,40.43,1,1,1
NHH Sewer Volume,20,2023-07-31,1.0718,20751.74,22239.31,3196,4749,4912
NHH Sewer Volume,20,2023-07-31,1.0718,31.79,34.07,1,1,1
NHH Sewer Volume,20,2023-08-31,1.0718,20874.36,22371.83,3216,4759,4924
NHH Sewer Volume,20,2023-08-31,1.0718,26.1,27.97,1,1,1
NHH Sewer Volume,20,2023-09-30,1.0718,21478.48,23019.56,3192,4758,4921
NHH Sewer Volume,20,2023-09-30,1.0718,25.26,27.07,1,1,1
NHH Sewer Volume,20,2023-10-31,1.0718,24688.19,26459.62,3201,4760,4924
NHH Sewer Volume,20,2023-10-31,1.0718,32.49,34.82,1,1,1
NHH Sewer Volume,20,2023-11-30,1.0718,26812.97,28736.87,3204,4758,4924
NHH Sewer Volume,20,2023-11-30,1.0718,34.38,36.85,1,1,1
NHH Sewer Volume,20,2023-12-31,1.0718,29723.77,31856.57,3184,4765,4928
NHH Sewer Volume,20,2023-12-31,1.0718,35.53,38.08,1,1,1
NHH Sewer Volume,20,2024-01-31,1.0718,30858.11,33072.29,3192,4765,4929
NHH Sewer Volume,20,2024-01-31,1.0718,35.91,38.49,1,1,1
NHH Sewer Volume,20,2024-02-29,1.0718,28989.98,31070.14,3208,4772,4939
NHH Sewer Volume,20,2024-02-29,1.0718,33.77,36.19,1,1,1
NHH Sewer Volume,20,2024-03-31,1.0718,29900.45,32045.95,3186,4780,4943
NHH Sewer Volume,20,2024-03-31,1.0718,36.1,38.69,1,1,1
NHH Sewer Volume,20,2024-04-30,1.0718,27120.58,29066.62,3200,4787,4950
NHH Sewer Volume,20,2024-04-30,1.0718,36.46,39.08,1,1,1
NHH Sewer Volume,20,2024-05-31,1.0718,23799.86,25507.29,3209,4785,4947
NHH Sewer Volume,20,2024-05-31,1.0718,38.35,41.11,1,1,1
NHH Sewer Volume,20,2024-06-30,1.0718,19745.23,21161,3187,4787,4946
NHH Sewer Volume,20,2024-06-30,1.0718,37.12,39.78,1,1,1
NHH Sewer Volume,20,2024-07-31,1.1377,20690.07,23536.64,3195,4792,4951
NHH Sewer Volume,20,2024-07-31,1.1377,6.18,7.03,1,1,1
NHH Sewer Volume,20,2024-08-31,1.1377,21950.26,24971.45,3217,4799,4957
NHH Sewer Volume,20,2024-09-30,1.1377,23679.25,26938.79,3199,4797,4956
NHH Sewer Volume,20,2024-10-31,1.1377,25520.37,29033.35,3213,4801,4959
NHH Sewer Volume,20,2024-11-30,1.1377,28004.85,31859.87,3244,4840,4994
NHH Sewer Volume,20,2024-12-31,1.1377,33130.34,37690.99,3221,4835,4988
NHH Sewer Volume,20,2025-01-31,1.1377,36211.13,41195.9,3245,4858,5013
NHH Sewer Volume,20,2025-02-28,1.1377,34462.64,39206.73,3259,4875,5032
NHH Sewer Volume,20,2025-03-31,1.1377,38533.11,43837.55,3239,4878,5034
NHH Sewer Volume,20,2025-04-30,1.1377,34627.95,39394.78,3252,4886,5045
NHH Sewer Volume,20,2025-05-31,1.1377,29839.65,33930.23,3274,4892,5051
NHH Sewer Volume,20,2025-06-30,1.1377,22957.27,26066.27,3253,4897,5057
NHH Sewer Volume,20,2025-06-30,1.1377,0,0,1,1,1
NHH Sewer Volume,20,2025-07-31,1.191,23244.9,27622.79,3273,4904,5064
NHH Sewer Volume,20,2025-07-31,1.191,0,0,1,1,1
NHH Sewer Volume,20,2025-08-31,1.191,23346.33,27765.96,3285,4905,5065
NHH Sewer Volume,20,2025-08-31,1.191,0,0,1,1,1
NHH Sewer Volume,20,2025-09-30,1.191,23895.66,28458.66,3259,4900,5056
NHH Sewer Volume,20,2025-09-30,1.191,0,0,1,1,1
NHH Sewer Volume,20,2025-10-31,1.191,25669.17,30569.98,3268,4908,5065
NHH Sewer Volume,20,2025-10-31,1.191,0,0,1,1,1
NHH Sewer Volume,20,2025-11-30,1.191,29391.84,34999.61,3290,4917,5073
NHH Sewer Volume,20,2025-11-30,1.191,0,0,1,1,1
NHH Sewer Volume,20,2025-12-31,1.191,35289.62,42023.56,3269,4919,5075
NHH Sewer Volume,20,2025-12-31,1.191,0,0,1,1,1
NHH Sewer Volume,20,2026-01-31,1.191,37976.27,45223.78,3286,4921,5078
NHH Sewer Volume,20,2026-01-31,1.191,0,0,1,1,1
NHH Sewer Volume,20,2026-02-28,1.191,24290.57,28929.12,2994,4543,4693
NHH Sewer Volume,20,2026-02-28,1.191,0,0,1,1,1
NHH Sewer Volume,20,2026-03-31,1.191,12374.56,14737.58,1156,1751,1788
NHH Sewer Volume,20,2026-03-31,1.191,0,0,1,1,1
NHH Sewer Volume,20,2026-04-30,1.191,2769.64,3298.49,741,1122,1140
NHH Sewer Volume,25,2021-01-31,0.9735,17077.48,16624.49,473,563,573
NHH Sewer Volume,25,2021-02-28,0.9735,15139.03,14737.45,472,563,573
NHH Sewer Volume,25,2021-03-31,0.9735,15594.07,15180.39,473,563,573
NHH Sewer Volume,25,2021-04-30,0.9735,14445.03,14061.83,475,564,574
NHH Sewer Volume,25,2021-05-31,0.9735,12984.41,12639.83,482,566,576
NHH Sewer Volume,25,2021-06-30,0.9735,9977.21,9712.11,476,566,576
NHH Sewer Volume,25,2021-07-31,0.9623,9880.45,9507.13,479,568,578
NHH Sewer Volume,25,2021-08-31,0.9623,9556.44,9195.74,479,569,579
NHH Sewer Volume,25,2021-09-30,0.9623,9573.94,9212.67,478,569,579
NHH Sewer Volume,25,2021-10-31,0.9623,10965.66,10551.89,478,571,581
NHH Sewer Volume,25,2021-11-30,0.9623,13451.76,12944.22,481,571,581
NHH Sewer Volume,25,2021-12-31,0.9623,17446.51,16788.33,479,570,580
NHH Sewer Volume,25,2022-01-31,0.9623,18355.9,17663.43,480,571,581
NHH Sewer Volume,25,2022-02-28,0.9623,16341.57,15725.08,484,571,581
NHH Sewer Volume,25,2022-03-31,0.9623,16927.88,16289.27,479,570,580
NHH Sewer Volume,25,2022-04-30,0.9623,14775.03,14217.62,481,569,579
NHH Sewer Volume,25,2022-05-31,0.9623,13507.85,12998.14,479,568,578
NHH Sewer Volume,25,2022-06-30,0.9623,11499.71,11065.47,477,567,577
NHH Sewer Volume,25,2022-07-31,0.9926,12171.94,12081.08,477,566,576
NHH Sewer Volume,25,2022-08-31,0.9926,11473.57,11388.24,481,568,578
NHH Sewer Volume,25,2022-09-30,0.9926,10333.64,10256.83,477,567,577
NHH Sewer Volume,25,2022-10-31,0.9926,11199.15,11115.91,478,567,578
NHH Sewer Volume,25,2022-11-30,0.9926,12677.49,12583.28,479,567,577
NHH Sewer Volume,25,2022-12-31,0.9926,16173.09,16053,477,567,577
NHH Sewer Volume,25,2023-01-31,0.9926,17157.08,17029.71,479,568,578
NHH Sewer Volume,25,2023-02-28,0.9926,15798.44,15681.15,482,568,578
NHH Sewer Volume,25,2023-03-31,0.9926,15352.94,15238.9,477,568,578
NHH Sewer Volume,25,2023-04-30,0.9926,12965.24,12868.88,477,567,577
NHH Sewer Volume,25,2023-05-31,0.9926,11807.4,11719.54,477,566,576
NHH Sewer Volume,25,2023-06-30,0.9926,10674.56,10594.83,473,564,574
NHH Sewer Volume,25,2023-07-31,1.0718,11282.26,12091.5,473,564,574
NHH Sewer Volume,25,2023-08-31,1.0718,11801.45,12648.34,479,566,576
NHH Sewer Volume,25,2023-09-30,1.0718,12221.95,13099.12,476,566,576
NHH Sewer Volume,25,2023-10-31,1.0718,13408.66,14371.02,478,566,576
NHH Sewer Volume,25,2023-11-30,1.0718,13770.1,14758.4,481,568,578
NHH Sewer Volume,25,2023-12-31,1.0718,15433.61,16541.33,477,568,578
NHH Sewer Volume,25,2024-01-31,1.0718,14921.9,15992.87,479,567,577
NHH Sewer Volume,25,2024-02-29,1.0718,14649.88,15701.36,479,567,577
NHH Sewer Volume,25,2024-03-31,1.0718,14949.14,16022.07,476,566,576
NHH Sewer Volume,25,2024-04-30,1.0718,13547.99,14520.34,480,568,578
NHH Sewer Volume,25,2024-05-31,1.0718,12105.5,12974.21,482,569,579
NHH Sewer Volume,25,2024-06-30,1.0718,9881.14,10589.98,478,567,577
NHH Sewer Volume,25,2024-07-31,1.1377,9512.19,10821.25,485,570,581
NHH Sewer Volume,25,2024-08-31,1.1377,9338.04,10623.49,483,569,580
NHH Sewer Volume,25,2024-09-30,1.1377,10025.29,11405.43,477,568,579
NHH Sewer Volume,25,2024-10-31,1.1377,11688.88,13298.06,480,571,582
NHH Sewer Volume,25,2024-11-30,1.1377,12984.79,14772.4,482,570,581
NHH Sewer Volume,25,2024-12-31,1.1377,16270.06,18510,481,569,580
NHH Sewer Volume,25,2025-01-31,1.1377,17079,19430.31,483,569,580
NHH Sewer Volume,25,2025-02-28,1.1377,15370.61,17486.72,470,553,564
NHH Sewer Volume,25,2025-03-31,1.1377,15297.08,17403.03,459,534,545
NHH Sewer Volume,25,2025-04-30,1.1377,14349.55,16325.06,460,531,542
NHH Sewer Volume,25,2025-05-31,1.1377,13222.34,15042.55,462,530,541
NHH Sewer Volume,25,2025-06-30,1.1377,10713.09,12187.64,461,530,541
NHH Sewer Volume,25,2025-07-31,1.191,11275.59,13428.39,461,530,541
NHH Sewer Volume,25,2025-08-31,1.191,11609.18,13826.09,463,531,542
NHH Sewer Volume,25,2025-09-30,1.191,12076.22,14382.43,462,532,543
NHH Sewer Volume,25,2025-10-31,1.191,12178.65,14504.4,465,535,546
NHH Sewer Volume,25,2025-11-30,1.191,13865.48,16513.4,468,536,547
NHH Sewer Volume,25,2025-12-31,1.191,17251.72,20546.38,463,536,547
NHH Sewer Volume,25,2026-01-31,1.191,17845.89,21254.02,467,536,547
NHH Sewer Volume,25,2026-02-28,1.191,12582.97,14986.02,432,498,509
NHH Sewer Volume,25,2026-03-31,1.191,6290.74,7492.11,190,226,228
NHH Sewer Volume,25,2026-04-30,1.191,1690.33,2013.13,125,154,155
NHH Sewer Volume,32,2021-01-31,0.9735,11505.45,11200.35,158,188,192
NHH Sewer Volume,32,2021-02-28,0.9735,10270.47,9998.12,158,189,193
NHH Sewer Volume,32,2021-03-31,0.9735,11055.59,10762.42,158,190,194
NHH Sewer Volume,32,2021-04-30,0.9735,10210.42,9939.66,159,190,194
NHH Sewer Volume,32,2021-05-31,0.9735,9573.39,9319.47,159,190,194
NHH Sewer Volume,32,2021-06-30,0.9735,7152.49,6962.56,158,190,194
NHH Sewer Volume,32,2021-07-31,0.9623,6602.11,6352.87,159,190,194
NHH Sewer Volume,32,2021-08-31,0.9623,6537.87,6291.19,160,191,195
NHH Sewer Volume,32,2021-09-30,0.9623,6543.77,6296.94,159,191,195
NHH Sewer Volume,32,2021-10-31,0.9623,7136.21,6867.03,159,191,195
NHH Sewer Volume,32,2021-11-30,0.9623,8108.6,7802.74,161,192,196
NHH Sewer Volume,32,2021-12-31,0.9623,10104.01,9722.89,160,192,196
NHH Sewer Volume,32,2022-01-31,0.9623,10338.01,9948.07,160,192,196
NHH Sewer Volume,32,2022-02-28,0.9623,9035.24,8694.43,160,192,196
NHH Sewer Volume,32,2022-03-31,0.9623,9028.54,8687.97,160,192,196
NHH Sewer Volume,32,2022-04-30,0.9623,8341.64,8026.96,161,193,197
NHH Sewer Volume,32,2022-05-31,0.9623,7959.04,7658.73,163,193,197
NHH Sewer Volume,32,2022-06-30,0.9623,7022.91,6757.72,161,192,196
NHH Sewer Volume,32,2022-07-31,0.9926,7371.97,7317.06,163,193,197
NHH Sewer Volume,32,2022-08-31,0.9926,7013.57,6961.45,163,194,198
NHH Sewer Volume,32,2022-09-30,0.9926,6446.28,6398.42,163,194,198
NHH Sewer Volume,32,2022-10-31,0.9926,7535.26,7479.32,163,195,199
NHH Sewer Volume,32,2022-11-30,0.9926,8721.82,8657.09,164,195,199
NHH Sewer Volume,32,2022-12-31,0.9926,10286.81,10210.48,164,196,200
NHH Sewer Volume,32,2023-01-31,0.9926,10235.45,10159.49,164,196,200
NHH Sewer Volume,32,2023-02-28,0.9926,9089.49,9022.03,165,196,200
NHH Sewer Volume,32,2023-03-31,0.9926,9434.52,9364.5,164,197,201
NHH Sewer Volume,32,2023-04-30,0.9926,8539.44,8476.07,164,197,201
NHH Sewer Volume,32,2023-05-31,0.9926,7999.38,7939.95,165,197,201
NHH Sewer Volume,32,2023-06-30,0.9926,7099.48,7046.52,165,197,201
NHH Sewer Volume,32,2023-07-31,1.0718,7619.34,8166.03,164,197,201
NHH Sewer Volume,32,2023-08-31,1.0718,7596.32,8141.49,166,198,202
NHH Sewer Volume,32,2023-09-30,1.0718,7539.72,8080.87,167,200,204
NHH Sewer Volume,32,2023-10-31,1.0718,8163.82,8749.77,169,201,205
NHH Sewer Volume,32,2023-11-30,1.0718,8121.15,8704.04,170,202,206
NHH Sewer Volume,32,2023-12-31,1.0718,8905.12,9544.3,173,205,209
NHH Sewer Volume,32,2024-01-31,1.0718,9247.66,9911.45,174,205,209
NHH Sewer Volume,32,2024-02-29,1.0718,8855.9,9491.58,171,204,208
NHH Sewer Volume,32,2024-03-31,1.0718,9274.95,9940.7,171,204,208
NHH Sewer Volume,32,2024-04-30,1.0718,8525.59,9137.53,171,204,208
NHH Sewer Volume,32,2024-05-31,1.0718,8215.66,8805.27,173,206,210
NHH Sewer Volume,32,2024-06-30,1.0718,7123.49,7634.55,171,204,208
NHH Sewer Volume,32,2024-07-31,1.1377,7167.91,8154.45,172,205,209
NHH Sewer Volume,32,2024-08-31,1.1377,7280.69,8282.97,171,202,206
NHH Sewer Volume,32,2024-09-30,1.1377,7829.47,8907.38,169,201,205
NHH Sewer Volume,32,2024-10-31,1.1377,8782.09,9991.18,169,202,206
NHH Sewer Volume,32,2024-11-30,1.1377,9268.14,10544.16,173,203,207
NHH Sewer Volume,32,2024-12-31,1.1377,11134.66,12667.7,170,203,207
NHH Sewer Volume,32,2025-01-31,1.1377,11600.84,13198.07,173,207,211
NHH Sewer Volume,32,2025-02-28,1.1377,10643.11,12108.47,174,209,213
NHH Sewer Volume,32,2025-03-31,1.1377,11021.34,12538.75,175,210,214
NHH Sewer Volume,32,2025-04-30,1.1377,10544.69,11996.48,176,211,215
NHH Sewer Volume,32,2025-05-31,1.1377,10095.68,11485.58,177,211,215
NHH Sewer Volume,32,2025-06-30,1.1377,8742.24,9945.62,177,212,216
NHH Sewer Volume,32,2025-07-31,1.191,7839.55,9336.45,177,213,217
NHH Sewer Volume,32,2025-08-31,1.191,8027.83,9560.9,179,214,218
NHH Sewer Volume,32,2025-09-30,1.191,7923.01,9436.11,177,214,218
NHH Sewer Volume,32,2025-10-31,1.191,8631.11,10279.44,180,218,222
NHH Sewer Volume,32,2025-11-30,1.191,9026.45,10750.29,181,219,223
NHH Sewer Volume,32,2025-12-31,1.191,10305.6,12273.74,181,219,223
NHH Sewer Volume,32,2026-01-31,1.191,10747.79,12800.37,183,220,224
NHH Sewer Volume,32,2026-02-28,1.191,7005,8342.79,174,211,214
NHH Sewer Volume,32,2026-03-31,1.191,4278.07,5095.1,82,95,97
NHH Sewer Volume,32,2026-04-30,1.191,1314.76,1565.86,47,52,54
NHH Sewer Volume,40,2021-01-31,0.9735,13920.95,13476.37,176,206,217
NHH Sewer Volume,40,2021-02-28,0.9735,12389.35,11997.53,177,207,218
NHH Sewer Volume,40,2021-03-31,0.9735,12099.21,11778.32,175,206,217
NHH Sewer Volume,40,2021-04-30,0.9735,10893.21,10604.29,175,206,217
NHH Sewer Volume,40,2021-05-31,0.9735,9679.8,9423.01,176,206,217
NHH Sewer Volume,40,2021-06-30,0.9735,6905.29,6721.93,175,206,217
NHH Sewer Volume,40,2021-07-31,0.9623,6552.64,6305.14,176,207,218
NHH Sewer Volume,40,2021-08-31,0.9623,6294.24,6056.74,177,207,218
NHH Sewer Volume,40,2021-09-30,0.9623,6599.57,6350.58,178,207,218
NHH Sewer Volume,40,2021-10-31,0.9623,7781.45,7487.88,180,207,219
NHH Sewer Volume,40,2021-11-30,0.9623,10562.81,10164.37,178,207,219
NHH Sewer Volume,40,2021-12-31,0.9623,13746.41,13227.92,177,206,218
NHH Sewer Volume,40,2022-01-31,0.9623,14035.9,13506.51,177,206,218
NHH Sewer Volume,40,2022-02-28,0.9623,11714.59,11272.74,177,206,218
NHH Sewer Volume,40,2022-03-31,0.9623,12013.67,11560.52,177,207,219
NHH Sewer Volume,40,2022-04-30,0.9623,10928.53,10516.29,177,207,219
NHH Sewer Volume,40,2022-05-31,0.9623,9745.78,9378.09,176,208,220
NHH Sewer Volume,40,2022-06-30,0.9623,7668.39,7378.91,176,208,220
NHH Sewer Volume,40,2022-07-31,0.9926,7680.78,7623.49,176,208,220
NHH Sewer Volume,40,2022-08-31,0.9926,7724.35,7666.93,176,208,220
NHH Sewer Volume,40,2022-09-30,0.9926,10384,10306.97,176,208,220
NHH Sewer Volume,40,2022-10-31,0.9926,11087.42,11005.16,174,206,218
NHH Sewer Volume,40,2022-11-30,0.9926,13278.21,13179.74,174,206,218
NHH Sewer Volume,40,2022-12-31,0.9926,13893.88,13790.83,174,206,218
NHH Sewer Volume,40,2023-01-31,0.9926,14752.54,14643.13,174,206,218
NHH Sewer Volume,40,2023-02-28,0.9926,13211.51,13113.52,174,206,218
NHH Sewer Volume,40,2023-03-31,0.9926,13241.74,13143.51,174,206,218
NHH Sewer Volume,40,2023-04-30,0.9926,11367.18,11282.84,175,205,217
NHH Sewer Volume,40,2023-05-31,0.9926,9557.53,9486.55,176,205,217
NHH Sewer Volume,40,2023-06-30,0.9926,8047.16,7987.19,174,205,217
NHH Sewer Volume,40,2023-07-31,1.0718,8257.14,8849.59,175,205,217
NHH Sewer Volume,40,2023-08-31,1.0718,8951.66,9594.16,170,203,215
NHH Sewer Volume,40,2023-09-30,1.0718,9667.28,10361.2,171,204,216
NHH Sewer Volume,40,2023-10-31,1.0718,11110.34,11907.86,171,204,216
NHH Sewer Volume,40,2023-11-30,1.0718,13143.08,14086.54,172,204,216
NHH Sewer Volume,40,2023-12-31,1.0718,15171.95,16261.06,171,204,216
NHH Sewer Volume,40,2024-01-31,1.0718,15588.59,16707.62,171,204,216
NHH Sewer Volume,40,2024-02-29,1.0718,14390.06,15423.05,172,204,216
NHH Sewer Volume,40,2024-03-31,1.0718,14813.07,15876.43,171,204,216
NHH Sewer Volume,40,2024-04-30,1.0718,12925.59,13853.43,173,206,218
NHH Sewer Volume,40,2024-05-31,1.0718,10779.23,11552.92,173,206,219
NHH Sewer Volume,40,2024-06-30,1.0718,8716.42,9341.89,173,205,218
NHH Sewer Volume,40,2024-07-31,1.1377,9056.94,10303.59,172,208,221
NHH Sewer Volume,40,2024-08-31,1.1377,9918.38,11283.88,171,207,220
NHH Sewer Volume,40,2024-09-30,1.1377,9970.84,11343.63,171,208,221
NHH Sewer Volume,40,2024-10-31,1.1377,11534.44,13122.52,170,207,220
NHH Sewer Volume,40,2024-11-30,1.1377,14058.8,15994.47,171,207,220
NHH Sewer Volume,40,2024-12-31,1.1377,17128.32,19486.63,170,208,221
NHH Sewer Volume,40,2025-01-31,1.1377,19110.56,21741.84,170,208,221
NHH Sewer Volume,40,2025-02-28,1.1377,18613.58,21176.43,170,206,219
NHH Sewer Volume,40,2025-03-31,1.1377,19481.94,22164.34,169,206,219
NHH Sewer Volume,40,2025-04-30,1.1377,16310.36,18556.05,170,207,220
NHH Sewer Volume,40,2025-05-31,1.1377,11653.14,13257.51,171,207,220
NHH Sewer Volume,40,2025-06-30,1.1377,9541.86,10855.42,171,207,220
NHH Sewer Volume,40,2025-07-31,1.191,9175.26,10927.25,174,207,220
NHH Sewer Volume,40,2025-08-31,1.191,9165.15,10915.43,172,205,218
NHH Sewer Volume,40,2025-09-30,1.191,9190.25,10945.37,171,206,219
NHH Sewer Volume,40,2025-10-31,1.191,11734.36,13975.4,172,207,220
NHH Sewer Volume,40,2025-11-30,1.191,16946.42,20182.94,172,209,222
NHH Sewer Volume,40,2025-12-31,1.191,20268.06,24139.01,171,209,222
NHH Sewer Volume,40,2026-01-31,1.191,21482.61,25585.54,172,209,222
NHH Sewer Volume,40,2026-02-28,1.191,14201.36,16913.66,156,190,203
NHH Sewer Volume,40,2026-03-31,1.191,8844.46,10533.66,71,86,89
NHH Sewer Volume,40,2026-04-30,1.191,3477.39,4141.54,45,56,56
NHH Sewer Volume,50,2021-01-31,0.9735,40444.91,39372.82,174,220,235
NHH Sewer Volume,50,2021-02-28,0.9735,35348.34,34411.33,175,221,236
NHH Sewer Volume,50,2021-03-31,0.9735,35584.52,34641.23,176,222,237
NHH Sewer Volume,50,2021-04-30,0.9735,31366.69,30535.18,176,222,237
NHH Sewer Volume,50,2021-05-31,0.9735,27277.79,26554.6,178,222,237
NHH Sewer Volume,50,2021-06-30,0.9735,20733.89,19917.88,176,222,236
NHH Sewer Volume,50,2021-07-31,0.9623,20347.4,19307.97,176,222,236
NHH Sewer Volume,50,2021-08-31,0.9623,19983.97,18932.16,179,223,236
NHH Sewer Volume,50,2021-09-30,0.9623,20499.45,19331.74,178,223,236
NHH Sewer Volume,50,2021-10-31,0.9623,24598.22,23262.82,178,222,236
NHH Sewer Volume,50,2021-11-30,0.9623,30569.2,28883.97,178,222,236
NHH Sewer Volume,50,2021-12-31,0.9623,38458.42,35989.93,178,222,236
NHH Sewer Volume,50,2022-01-31,0.9623,39012.82,36523.42,180,223,237
NHH Sewer Volume,50,2022-02-28,0.9623,34017.64,31862.65,179,223,237
NHH Sewer Volume,50,2022-03-31,0.9623,32972.7,31005.65,179,223,237
NHH Sewer Volume,50,2022-04-30,0.9623,28908.82,27118.34,179,223,237
NHH Sewer Volume,50,2022-05-31,0.9623,25171.7,23580.75,179,223,237
NHH Sewer Volume,50,2022-06-30,0.9623,21707.12,20539.49,179,223,236
NHH Sewer Volume,50,2022-07-31,0.9926,21402.6,20871.87,180,223,236
NHH Sewer Volume,50,2022-08-31,0.9926,21059.65,20519.11,179,223,236
NHH Sewer Volume,50,2022-09-30,0.9926,20876.81,20315.05,181,225,238
NHH Sewer Volume,50,2022-10-31,0.9926,24709.02,24105.32,181,225,238
NHH Sewer Volume,50,2022-11-30,0.9926,29119.05,28477.2,181,225,238
NHH Sewer Volume,50,2022-12-31,0.9926,36319.29,35545.14,182,225,238
NHH Sewer Volume,50,2023-01-31,0.9926,38292.33,37503.56,181,225,238
NHH Sewer Volume,50,2023-02-28,0.9926,35188.2,34440.78,182,225,238
NHH Sewer Volume,50,2023-03-31,0.9926,35481.6,34555.96,181,225,238
NHH Sewer Volume,50,2023-04-30,0.9926,30654.53,29786.02,180,225,238
NHH Sewer Volume,50,2023-05-31,0.9926,26232.45,25438.32,181,225,238
NHH Sewer Volume,50,2023-06-30,0.9926,22187.11,21696.44,180,225,238
NHH Sewer Volume,50,2023-07-31,1.0718,24220.33,25595.05,183,227,240
NHH Sewer Volume,50,2023-08-31,1.0718,27003.4,28672.02,182,228,240
NHH Sewer Volume,50,2023-09-30,1.0718,29458.07,31572.92,182,228,240
NHH Sewer Volume,50,2023-10-31,1.0718,33708.13,36128.09,182,228,240
NHH Sewer Volume,50,2023-11-30,1.0718,35158.25,37682.34,183,228,240
NHH Sewer Volume,50,2023-12-31,1.0718,39049.59,41853.07,182,228,240
NHH Sewer Volume,50,2024-01-31,1.0718,39473.41,42307.32,184,229,241
NHH Sewer Volume,50,2024-02-29,1.0718,37651.86,40355,184,228,240
NHH Sewer Volume,50,2024-03-31,1.0718,39552.9,42392.51,181,227,239
NHH Sewer Volume,50,2024-04-30,1.0718,35775.53,38343.94,181,227,239
NHH Sewer Volume,50,2024-05-31,1.0718,32988.83,35357.11,182,226,239
NHH Sewer Volume,50,2024-06-30,1.0718,27293.89,29253.16,180,226,238
NHH Sewer Volume,50,2024-07-31,1.1377,26298.58,29919.26,180,225,237
NHH Sewer Volume,50,2024-08-31,1.1377,26124.41,29721.38,181,227,239
NHH Sewer Volume,50,2024-09-30,1.1377,28187.92,32069.12,183,228,240
NHH Sewer Volume,50,2024-10-31,1.1377,33294.06,37878.35,182,228,240
NHH Sewer Volume,50,2024-11-30,1.1377,36067.82,41034.06,183,228,240
NHH Sewer Volume,50,2024-12-31,1.1377,40532.65,46113.68,182,228,240
NHH Sewer Volume,50,2025-01-31,1.1377,41715.83,47459.79,182,228,240
NHH Sewer Volume,50,2025-02-28,1.1377,38401.38,43666.63,182,228,240
NHH Sewer Volume,50,2025-03-31,1.1377,42054.01,47152.5,183,228,240
NHH Sewer Volume,50,2025-04-30,1.1377,36956.46,41375.35,183,229,241
NHH Sewer Volume,50,2025-05-31,1.1377,32666.75,36919.04,185,230,242
NHH Sewer Volume,50,2025-06-30,1.1377,27078.74,30806.98,185,231,243
NHH Sewer Volume,50,2025-07-31,1.191,26801.23,31919.66,186,232,244
NHH Sewer Volume,50,2025-08-31,1.191,26953.07,32100.8,185,233,245
NHH Sewer Volume,50,2025-09-30,1.191,28974.82,34508.75,185,233,245
NHH Sewer Volume,50,2025-10-31,1.191,34177.89,40705.59,186,232,244
NHH Sewer Volume,50,2025-11-30,1.191,38844.57,46263.61,184,231,243
NHH Sewer Volume,50,2025-12-31,1.191,44612.01,53132.61,184,231,243
NHH Sewer Volume,50,2026-01-31,1.191,45430.18,54107.04,184,231,243
NHH Sewer Volume,50,2026-02-28,1.191,28989.46,34526.25,174,220,232
NHH Sewer Volume,50,2026-03-31,1.191,14476.16,17240.98,75,93,99
NHH Sewer Volume,50,2026-04-30,1.191,3926.04,4675.87,53,66,70
NHH Sewer Volume,80,2021-01-31,0.9735,11397.04,11094.98,28,31,32
NHH Sewer Volume,80,2021-02-28,0.9735,10123.52,9855.21,28,31,32
NHH Sewer Volume,80,2021-03-31,0.9735,10435.93,10159.34,29,32,33
NHH Sewer Volume,80,2021-04-30,0.9735,10019.64,9754.07,29,32,33
NHH Sewer Volume,80,2021-05-31,0.9735,9474.88,9223.74,29,32,34
NHH Sewer Volume,80,2021-06-30,0.9735,7637.43,7434.97,29,32,34
NHH Sewer Volume,80,2021-07-31,0.9623,7964.29,7663.94,29,32,34
NHH Sewer Volume,80,2021-08-31,0.9623,7852.18,7556.09,30,32,34
NHH Sewer Volume,80,2021-09-30,0.9623,7805.28,7510.99,30,32,34
NHH Sewer Volume,80,2021-10-31,0.9623,7818.96,7524.15,28,31,33
NHH Sewer Volume,80,2021-11-30,0.9623,9447.17,9090.97,28,31,33
NHH Sewer Volume,80,2021-12-31,0.9623,11869.53,11422.01,28,31,33
NHH Sewer Volume,80,2022-01-31,0.9623,11721.94,11279.98,28,31,33
NHH Sewer Volume,80,2022-02-28,0.9623,9672.67,9307.98,28,31,33
NHH Sewer Volume,80,2022-03-31,0.9623,9093.95,8751.07,28,31,33
NHH Sewer Volume,80,2022-04-30,0.9623,8570.07,8246.95,28,31,33
NHH Sewer Volume,80,2022-05-31,0.9623,8506.12,8185.39,29,33,35
NHH Sewer Volume,80,2022-06-30,0.9623,7644.12,7355.84,28,33,35
NHH Sewer Volume,80,2022-07-31,0.9926,8662.17,8597.99,28,33,35
NHH Sewer Volume,80,2022-08-31,0.9926,8671.82,8607.6,29,33,35
NHH Sewer Volume,80,2022-09-30,0.9926,8192.76,8132.1,28,33,35
NHH Sewer Volume,80,2022-10-31,0.9926,8420.75,8358.4,28,33,35
NHH Sewer Volume,80,2022-11-30,0.9926,9363.93,9294.6,28,33,35
NHH Sewer Volume,80,2022-12-31,0.9926,12252.13,12161.42,28,33,35
NHH Sewer Volume,80,2023-01-31,0.9926,12367.07,12275.51,28,33,35
NHH Sewer Volume,80,2023-02-28,0.9926,12620.59,12527.15,28,33,35
NHH Sewer Volume,80,2023-03-31,0.9926,12624.8,12531.33,28,33,35
NHH Sewer Volume,80,2023-04-30,0.9926,11523.38,11438.06,28,33,35
NHH Sewer Volume,80,2023-05-31,0.9926,11283.74,11200.19,28,33,35
NHH Sewer Volume,80,2023-06-30,0.9926,9475.68,9405.5,28,33,35
NHH Sewer Volume,80,2023-07-31,1.0718,9415.29,10091.24,28,33,35
NHH Sewer Volume,80,2023-08-31,1.0718,7542.85,8084.37,28,33,35
NHH Sewer Volume,80,2023-09-30,1.0718,7939.73,8509.76,28,33,35
NHH Sewer Volume,80,2023-10-31,1.0718,8244.6,8836.52,28,33,35
NHH Sewer Volume,80,2023-11-30,1.0718,8261.59,8854.73,28,33,35
NHH Sewer Volume,80,2023-12-31,1.0718,9162.75,9820.59,28,33,35
NHH Sewer Volume,80,2024-01-31,1.0718,9375.5,10048.62,28,33,35
NHH Sewer Volume,80,2024-02-29,1.0718,8693.4,9317.55,28,33,35
NHH Sewer Volume,80,2024-03-31,1.0718,9130.65,9786.19,28,33,35
NHH Sewer Volume,80,2024-04-30,1.0718,8629.62,9249.18,28,33,35
NHH Sewer Volume,80,2024-05-31,1.0718,8120.56,8703.56,28,33,35
NHH Sewer Volume,80,2024-06-30,1.0718,7035.99,7541.08,28,33,35
NHH Sewer Volume,80,2024-07-31,1.1377,7245.4,8243.02,28,33,35
NHH Sewer Volume,80,2024-08-31,1.1377,11179.33,12718.67,28,33,35
NHH Sewer Volume,80,2024-09-30,1.1377,11973.49,13622.2,28,33,35
NHH Sewer Volume,80,2024-10-31,1.1377,12197.46,13877.01,28,33,35
NHH Sewer Volume,80,2024-11-30,1.1377,10024.78,11405.15,28,33,35
NHH Sewer Volume,80,2024-12-31,1.1377,11804.35,13429.77,28,33,35
NHH Sewer Volume,80,2025-01-31,1.1377,11832.84,13462.18,28,33,35
NHH Sewer Volume,80,2025-02-28,1.1377,10595.26,12054.19,28,33,35
NHH Sewer Volume,80,2025-03-31,1.1377,11558.09,13149.59,28,33,35
NHH Sewer Volume,80,2025-04-30,1.1377,11163.91,12701.14,28,33,35
NHH Sewer Volume,80,2025-05-31,1.1377,9986.67,11361.78,28,33,35
NHH Sewer Volume,80,2025-06-30,1.1377,7601.47,8648.12,28,33,35
NHH Sewer Volume,80,2025-07-31,1.191,7833.91,9330.11,28,33,35
NHH Sewer Volume,80,2025-08-31,1.191,8626.44,10274.04,29,34,36
NHH Sewer Volume,80,2025-09-30,1.191,9142.2,10888.32,29,35,37
NHH Sewer Volume,80,2025-10-31,1.191,9676.87,11525.11,29,35,37
NHH Sewer Volume,80,2025-11-30,1.191,10618.68,12646.8,30,35,37
NHH Sewer Volume,80,2025-12-31,1.191,12576.13,14978.12,30,35,37
NHH Sewer Volume,80,2026-01-31,1.191,12618.44,15028.51,31,36,38
NHH Sewer Volume,80,2026-02-28,1.191,5812.2,6922.3,26,29,31
NHH Sewer Volume,80,2026-03-31,1.191,699.53,833.13,10,10,10
NHH Sewer Volume,80,2026-04-30,1.191,254.62,303.25,6,6,6
NHH Sewer Volume,100,2021-01-31,0.9735,17024.98,16573.75,25,30,34
NHH Sewer Volume,100,2021-02-28,0.9735,15171.93,14769.82,26,31,35
NHH Sewer Volume,100,2021-03-31,0.9735,15999.04,15575.01,26,31,35
NHH Sewer Volume,100,2021-04-30,0.9735,14664.89,14276.21,26,31,35
NHH Sewer Volume,100,2021-05-31,0.9735,12988.21,12643.96,26,31,35
NHH Sewer Volume,100,2021-06-30,0.9735,9135.97,8893.76,26,31,35
NHH Sewer Volume,100,2021-07-31,0.9623,9052.94,8711.56,26,31,35
NHH Sewer Volume,100,2021-08-31,0.9623,9862.6,9490.71,26,31,35
NHH Sewer Volume,100,2021-09-30,0.9623,12486.52,12015.74,26,31,35
NHH Sewer Volume,100,2021-10-31,0.9623,13058.01,12565.69,26,31,35
NHH Sewer Volume,100,2021-11-30,0.9623,14161.27,13627.35,26,31,35
NHH Sewer Volume,100,2021-12-31,0.9623,17221.85,16572.53,26,31,35
NHH Sewer Volume,100,2022-01-31,0.9623,17684.03,17017.28,26,31,35
NHH Sewer Volume,100,2022-02-28,0.9623,15225,14650.97,26,31,35
NHH Sewer Volume,100,2022-03-31,0.9623,15998.46,15395.27,26,31,35
NHH Sewer Volume,100,2022-04-30,0.9623,14309.77,13770.25,27,32,36
NHH Sewer Volume,100,2022-05-31,0.9623,14662.88,14110.03,26,32,36
NHH Sewer Volume,100,2022-06-30,0.9623,11341.69,10914,26,32,36
NHH Sewer Volume,100,2022-07-31,0.9926,11268.43,11184.96,27,32,36
NHH Sewer Volume,100,2022-08-31,0.9926,10581.21,10502.85,27,33,38
NHH Sewer Volume,100,2022-09-30,0.9926,12642.16,12548.57,28,33,38
NHH Sewer Volume,100,2022-10-31,0.9926,13389.39,13290.26,27,33,38
NHH Sewer Volume,100,2022-11-30,0.9926,14711.79,14602.88,27,33,38
NHH Sewer Volume,100,2022-12-31,0.9926,18320.09,18184.46,27,33,38
NHH Sewer Volume,100,2023-01-31,0.9926,19320.49,19177.46,27,33,38
NHH Sewer Volume,100,2023-02-28,0.9926,18653.72,18515.64,27,33,38
NHH Sewer Volume,100,2023-03-31,0.9926,19980.69,19832.79,27,33,38
NHH Sewer Volume,100,2023-04-30,0.9926,17333.53,17205.21,27,33,38
NHH Sewer Volume,100,2023-05-31,0.9926,15164.76,15052.49,27,33,38
NHH Sewer Volume,100,2023-06-30,0.9926,9526.97,9456.35,27,33,38
NHH Sewer Volume,100,2023-07-31,1.0718,9480.8,10161.44,27,33,38
NHH Sewer Volume,100,2023-08-31,1.0718,9008.69,9655.46,27,33,38
NHH Sewer Volume,100,2023-09-30,1.0718,14627.3,15677.49,27,33,38
NHH Sewer Volume,100,2023-10-31,1.0718,15731.84,16861.34,27,33,38
NHH Sewer Volume,100,2023-11-30,1.0718,16703.52,17902.78,27,33,38
NHH Sewer Volume,100,2023-12-31,1.0718,19407.94,20801.38,27,33,38
NHH Sewer Volume,100,2024-01-31,1.0718,19641.97,21052.21,27,33,38
NHH Sewer Volume,100,2024-02-29,1.0718,18712.09,20055.57,27,33,38
NHH Sewer Volume,100,2024-03-31,1.0718,19942.69,21374.52,27,33,38
NHH Sewer Volume,100,2024-04-30,1.0718,18091.86,19390.8,27,33,38
NHH Sewer Volume,100,2024-05-31,1.0718,16678.97,17876.46,27,33,38
NHH Sewer Volume,100,2024-06-30,1.0718,10454.69,11205.22,27,33,38
NHH Sewer Volume,100,2024-07-31,1.1377,10323.39,11744.84,27,33,38
NHH Sewer Volume,100,2024-08-31,1.1377,11155.45,12691.51,27,33,38
NHH Sewer Volume,100,2024-09-30,1.1377,15557.58,17699.82,27,33,38
NHH Sewer Volume,100,2024-10-31,1.1377,17388.46,19782.8,27,33,38
NHH Sewer Volume,100,2024-11-30,1.1377,17644.3,20073.86,27,33,38
NHH Sewer Volume,100,2024-12-31,1.1377,19196.62,21839.94,28,34,40
NHH Sewer Volume,100,2025-01-31,1.1377,20693.39,23542.81,28,34,40
NHH Sewer Volume,100,2025-02-28,1.1377,19674.71,22383.86,28,34,40
NHH Sewer Volume,100,2025-03-31,1.1377,22561.02,25667.6,28,34,40
NHH Sewer Volume,100,2025-04-30,1.1377,19487.05,22170.35,28,34,40
NHH Sewer Volume,100,2025-05-31,1.1377,17520.83,19933.37,28,34,40
NHH Sewer Volume,100,2025-06-30,1.1377,12705.91,14455.41,28,34,40
NHH Sewer Volume,100,2025-07-31,1.191,12825.23,15274.74,28,34,40
NHH Sewer Volume,100,2025-08-31,1.191,17642.96,21012.69,29,35,41
NHH Sewer Volume,100,2025-09-30,1.191,19969.41,23783.51,29,35,41
NHH Sewer Volume,100,2025-10-31,1.191,22040.07,26249.67,29,35,41
NHH Sewer Volume,100,2025-11-30,1.191,22198.66,26438.55,29,35,41
NHH Sewer Volume,100,2025-12-31,1.191,25193.21,30005.05,29,35,41
NHH Sewer Volume,100,2026-01-31,1.191,26695.42,31794.18,29,35,41
NHH Sewer Volume,100,2026-02-28,1.191,21387.93,25472.96,28,34,40
NHH Sewer Volume,100,2026-03-31,1.191,9905.06,11796.9,18,19,23
NHH Sewer Volume,100,2026-04-30,1.191,1182.26,1408.06,6,6,8
NHH Sewer Volume,150,2021-01-31,0.9735,13437.83,13081.71,7,8,11
NHH Sewer Volume,150,2021-02-28,0.9735,11135.02,10839.92,7,8,11
NHH Sewer Volume,150,2021-03-31,0.9735,11705.04,11394.84,7,8,11
NHH Sewer Volume,150,2021-04-30,0.9735,9518.11,9265.87,8,9,12
NHH Sewer Volume,150,2021-05-31,0.9735,9350.03,9102.22,8,9,12
NHH Sewer Volume,150,2021-06-30,0.9735,8083.06,7868.84,8,9,12
NHH Sewer Volume,150,2021-07-31,0.9623,9028.05,8687.65,8,9,12
NHH Sewer Volume,150,2021-08-31,0.9623,9347.72,8995.26,7,8,11
NHH Sewer Volume,150,2021-09-30,0.9623,8563.56,8240.7,7,8,11
NHH Sewer Volume,150,2021-10-31,0.9623,8775.72,8444.84,7,8,11
NHH Sewer Volume,150,2021-11-30,0.9623,9393.71,9039.55,7,8,11
NHH Sewer Volume,150,2021-12-31,0.9623,13654.4,13139.61,7,8,11
NHH Sewer Volume,150,2022-01-31,0.9623,16022.29,15418.23,7,8,11
NHH Sewer Volume,150,2022-02-28,0.9623,14282.52,13744.04,7,8,11
NHH Sewer Volume,150,2022-03-31,0.9623,12805.49,12322.7,7,8,11
NHH Sewer Volume,150,2022-04-30,0.9623,10576.11,10177.36,7,8,11
NHH Sewer Volume,150,2022-05-31,0.9623,10455.84,10061.62,7,8,11
NHH Sewer Volume,150,2022-06-30,0.9623,8610.17,8285.54,7,8,11
NHH Sewer Volume,150,2022-07-31,0.9926,8795.61,8730.49,8,9,12
NHH Sewer Volume,150,2022-08-31,0.9926,8535.4,8472.21,8,9,12
NHH Sewer Volume,150,2022-09-30,0.9926,8190.92,8130.28,7,8,11
NHH Sewer Volume,150,2022-10-31,0.9926,8838.82,8773.38,7,8,11
NHH Sewer Volume,150,2022-11-30,0.9926,9807.59,9734.99,8,9,13
NHH Sewer Volume,150,2022-12-31,0.9926,14089.63,13985.34,8,9,13
NHH Sewer Volume,150,2023-01-31,0.9926,19693.87,19548.11,8,9,13
NHH Sewer Volume,150,2023-02-28,0.9926,17009.97,16884.07,8,9,13
NHH Sewer Volume,150,2023-03-31,0.9926,16835.33,16710.71,8,9,13
NHH Sewer Volume,150,2023-04-30,0.9926,10582.8,10504.45,8,9,13
NHH Sewer Volume,150,2023-05-31,0.9926,10250.09,10174.21,8,9,13
NHH Sewer Volume,150,2023-06-30,0.9926,7033.8,6981.7,8,9,13
NHH Sewer Volume,150,2023-07-31,1.0718,7869.15,8434.1,8,9,13
NHH Sewer Volume,150,2023-08-31,1.0718,7944.69,8515.09,8,9,13
NHH Sewer Volume,150,2023-09-30,1.0718,8375.72,8977.08,8,9,13
NHH Sewer Volume,150,2023-10-31,1.0718,11062.31,11856.56,8,9,13
NHH Sewer Volume,150,2023-11-30,1.0718,12220.48,13097.88,8,9,13
NHH Sewer Volume,150,2023-12-31,1.0718,14206.17,15226.15,8,9,13
NHH Sewer Volume,150,2024-01-31,1.0718,14665.23,15718.17,8,9,13
NHH Sewer Volume,150,2024-02-29,1.0718,14263.65,15287.75,8,9,13
NHH Sewer Volume,150,2024-03-31,1.0718,14300.84,15327.6,8,9,13
NHH Sewer Volume,150,2024-04-30,1.0718,10345.28,11088.04,8,9,13
NHH Sewer Volume,150,2024-05-31,1.0718,9662.74,10356.49,8,9,13
NHH Sewer Volume,150,2024-06-30,1.0718,9501.72,10183.89,8,9,13
NHH Sewer Volume,150,2024-07-31,1.1377,9702.59,11038.59,8,9,13
NHH Sewer Volume,150,2024-08-31,1.1377,10045.42,11428.64,8,9,13
NHH Sewer Volume,150,2024-09-30,1.1377,9682.4,11015.64,9,10,14
NHH Sewer Volume,150,2024-10-31,1.1377,10814.24,12303.34,9,10,14
NHH Sewer Volume,150,2024-11-30,1.1377,11950.39,13595.93,9,10,14
NHH Sewer Volume,150,2024-12-31,1.1377,14908.67,16961.56,9,10,14
NHH Sewer Volume,150,2025-01-31,1.1377,18179.37,20682.64,9,10,14
NHH Sewer Volume,150,2025-02-28,1.1377,18341.05,20866.59,9,10,14
NHH Sewer Volume,150,2025-03-31,1.1377,18210.57,20718.13,9,10,14
NHH Sewer Volume,150,2025-04-30,1.1377,14209.49,16166.11,9,10,14
NHH Sewer Volume,150,2025-05-31,1.1377,13489.97,15347.49,9,10,14
NHH Sewer Volume,150,2025-06-30,1.1377,10278.96,11694.32,9,10,14
NHH Sewer Volume,150,2025-07-31,1.191,9524.93,11344.13,9,10,14
NHH Sewer Volume,150,2025-08-31,1.191,10630.46,12660.84,9,10,14
NHH Sewer Volume,150,2025-09-30,1.191,10154.99,12094.57,9,10,14
NHH Sewer Volume,150,2025-10-31,1.191,12258.89,14600.29,9,10,14
NHH Sewer Volume,150,2025-11-30,1.191,12554.77,14952.7,9,10,14
NHH Sewer Volume,150,2025-12-31,1.191,17000.87,20247.99,9,10,14
NHH Sewer Volume,150,2026-01-31,1.191,19470.02,23188.75,9,10,14
NHH Sewer Volume,150,2026-02-28,1.191,17302.92,20607.76,9,10,14
NHH Sewer Volume,150,2026-03-31,1.191,12665.56,15084.67,5,6,8
